area,bedrooms,bathrooms,stories,parking,age,location,price
3149,5,4,2,2,14,Pune,22896370
1824,4,4,2,2,17,Thane,15711123
1528,3,3,3,1,18,Nagpur,6476802
2636,5,4,2,1,13,Nashik,12883687
3108,5,4,1,0,20,Mumbai,30686818
3379,5,4,1,2,29,Mumbai,32924863
3399,5,4,2,3,20,Mumbai,33834556
1524,4,3,1,2,21,Thane,12537448
2181,4,3,1,2,27,Nashik,9418992
989,2,1,3,2,18,Nagpur,4510222
1200,3,2,2,1,8,Pune,6800000
1500,3,2,2,1,5,Pune,8500000
1800,4,3,2,2,4,Mumbai,12500000
2000,4,3,2,2,3,Mumbai,14500000
900,2,1,1,0,20,Nashik,3200000
1100,2,2,1,1,12,Nashik,4200000
1300,3,2,2,1,7,Nashik,5200000
1600,3,3,2,2,5,Mumbai,10500000
2200,4,3,2,2,2,Pune,13500000
2500,5,4,2,2,1,Mumbai,18000000
750,2,1,1,0,25,Nashik,2800000
1400,3,2,2,1,10,Pune,7200000
1700,3,3,2,2,6,Pune,9500000
1900,4,3,2,2,5,Mumbai,13000000
2100,4,3,2,2,4,Pune,12000000
2300,4,4,2,2,2,Mumbai,16500000
1050,2,2,1,1,9,Nagpur,4300000
1350,3,2,1,1,11,Nagpur,5400000
1450,3,2,2,1,6,Pune,7600000
1750,4,3,2,2,8,Thane,11800000
1950,4,3,2,2,10,Thane,13200000
2250,4,3,2,2,3,Pune,14200000
2450,5,4,2,3,2,Mumbai,17800000
800,2,1,1,0,22,Nashik,3000000
950,2,1,1,1,16,Nagpur,3900000
1150,3,2,1,1,13,Nagpur,4700000
1250,3,2,2,1,9,Pune,6500000
1550,3,2,2,2,7,Thane,9100000
1850,4,3,2,2,5,Thane,12300000
2050,4,3,2,2,4,Pune,12700000
2700,5,4,3,3,2,Mumbai,20500000
2900,5,4,2,3,1,Mumbai,21500000
1000,2,2,1,1,14,Nashik,4100000
1180,3,2,1,1,10,Nagpur,4800000
1380,3,2,2,1,8,Pune,7100000
1480,3,3,2,2,5,Thane,8700000
1680,3,2,2,1,12,Nashik,6700000
1980,4,3,2,2,6,Pune,12900000
2180,4,3,2,2,4,Thane,14500000